{"accuracy": [0.9672079682350159, 0.9831355214118958, 0.984853208065033], "loss": [0.09091085195541382, 0.05188663676381111, 0.04078134894371033], "val_accuracy": [0.9781386852264404, 0.9900062680244446, 0.9900062680244446], "val_loss": [0.06433525681495667, 0.030821317806839943, 0.024916594848036766]}